Rank, Rider name, Horse name, Score, Target points,Run 1 time, Run 1 target pointsRun 2 time, Run 2 target points
1, Célestine, , 11.000000,0.000000,0.000000,17.000000,8.000000,
2, Athalie, , 0.000000,0.000000,0.000000,0.000000,0.000000,
2, Bérénice, , 0.000000,0.000000,0.000000,0.000000,0.000000,
